stem,seconds,sample_rate,channels,bits,integrated_lufs,true_peak_dbfs
S0_X_AMB_STREET,30.000000,48000,2,24,-16.9,-3.0
S0_X_AMB,30.000000,48000,2,24,-16.0,-3.0
S1_C_AMB,30.000000,48000,2,24,-14.5,-3.0
S1_H_AMB,30.000000,48000,2,24,-15.2,-3.0
S3_C_AMB,30.000000,48000,2,24,-19.8,-2.9
S3_H_AMB,30.000000,48000,2,24,-30.9,-3.0
S4_C_AMB,30.000000,48000,2,24,-13.6,-3.0
S4_H_AMB,30.000000,48000,2,24,-23.8,-3.0
S4_H_SFX_FOOTSTEPS,8.000000,48000,2,16,-49.7,-21.4
S5_C_AMB,30.000000,48000,2,24,-15.2,-3.0
S5_H_AMB,30.000000,48000,2,24,-13.6,-3.0
S6_C_AMB,30.000000,48000,2,24,-17.8,-2.9
S6_H_AMB,30.000000,48000,2,24,-19.0,-3.0
S7_C_AMB,30.000000,48000,2,24,-20.4,-3.0
S7_H_AMB,30.000000,48000,2,24,-21.7,-3.0
S8_C_AMB_BOARDROOM,30.000000,48000,2,24,-16.9,-3.0
S8_C_AMB,30.000000,48000,2,24,-19.9,-3.0
S8_H_AMB_STORE,30.000000,48000,2,24,-14.4,-3.0
S8_H_AMB,30.000000,48000,2,24,-22.5,-3.0
